method,n_noise_levels,n_budgets,n_points_per_curve,total_fits,min,gmean,max,max_a,max_b,n_maxiter,n_abnormal,n_bound_hit,n_fail,top1,top2,top3,top4,top5,top6,top7,top8
Chinchilla Approach 2,3,3,4,9216,0.002261480591799388,4.844893274749087,715.497732452409,715.497732452409,238.49924415078695,0,0,0,1,715.497732452409,583.3402346872732,238.49924415078695,200.10916826699122,194.44674489599353,148.16297763393402,117.48119608163057,108.64020327703172
Chinchilla Approach 3 (grid init),3,3,4,9216,0.00012522689211517485,1.0944605104338392,35.11059083763624,35.11059083763624,11.703530279212087,0,2429,34,0,35.11059083763624,34.19262513378614,32.5356117191969,29.58754239971131,29.579750562037642,28.551738906415135,27.87207811930852,27.21525759951806
Chinchilla Approach 3 (random init),3,3,4,9216,2.6998998399937097e-05,8.680981059188928,296.0,296.0,98.66666666666667,0,1620,2129,0,296.0,296.0,296.0,295.9867580027977,294.6987358890191,292.0028249601155,288.8207151244134,287.0222431011087
VPNLS,3,3,4,9216,0.00012521634253914726,1.0887912546340328,34.19262452685885,34.19262452685885,11.397541508952951,2040,0,12,0,34.19262452685885,32.535610706022425,29.587541714624656,29.57975106971643,28.551738246610547,27.872078211054173,27.095690975190713,26.924601406948444
