method,max_E_err_pct,max_A_err_pct,max_B_err_pct,max_alpha_err_pct,max_beta_err_pct,min_n_iter,mean_n_iter,max_n_iter
"5D L-BFGS-B (analytical grad)",4.087332e-06,1.735356e-05,6.571438e-06,3.959691e-06,1.331816e-06,19,69.1,118
"5D L-BFGS-B (numerical grad)",1.584424e-03,1.198327e-03,2.581409e-03,2.735402e-04,7.271795e-04,18,70.4,123
"2D L-BFGS-B (analytical grad)",1.394574e-07,9.190551e-07,8.653271e-07,1.721071e-07,1.677908e-07,2,5.0,11
"2D L-BFGS-B (numerical grad)",8.269770e-08,6.369056e-08,7.748223e-08,1.289975e-08,2.040452e-08,3,5.0,11
"2D Nelder-Mead (no grad)",5.247847e-08,6.281816e-08,7.876769e-08,1.245531e-08,2.007138e-08,61,64.0,72
"2D Grid (256²)",2.583168e+00,2.034131e+00,2.034131e+00,4.427577e-01,5.692600e-01,0,0.0,0
